engine,case_id,line,source,translation,reference,notes,accuracy_1_5,naturalness_1_5,tone_1_5,context_1_5,major_meaning_error,overly_formal,invented_meaning,reviewer,review_notes
current,casual-1,1,何してんだよ,What are you doing?,What are you doing?,Rough surprise/reproach; do not invent an action.,,,,,,,,,
current,casual-2,1,知らねーよ,I don't know.,How should I know?,Preserve negation and dismissiveness.,,,,,,,,,
current,casual-3,1,マジかよ,"Oh, my God.",Seriously?,"Surprise, not a factual assertion.",,,,,,,,,
current,casual-4,1,やべぇ,"Oh, shit.",,Ambiguous: trouble or impressed slang; avoid inventing context.,,,,,,,,,
current,casual-5,1,ふざけんな,You gotta be kidding me.,Don't mess with me!,Negative command; intensity may vary.,,,,,,,,,
current,subject-1,1,もう行った？,Have you gone yet?,,Already went/left? Subject unspecified.,,,,,,,,,
current,subject-2,1,知らなかった。,I didn't know.,I didn't know.,"Past negative, not present refusal.",,,,,,,,,
current,subject-3,1,やったの？,Did you?,,Did you/they do it? Do not assume sexual meaning.,,,,,,,,,
current,particle-1,1,そうだよな,You're right.,"Yeah, you're right.",Agreement/seeking agreement.,,,,,,,,,
current,particle-2,1,そうなのか,Is that so?,Is that so?,Realization or inquiry; not agreement with invented detail.,,,,,,,,,
current,particle-3,1,何してるんだ？,What are you doing?,What are you doing?,Question with explanatory/reproachful tone.,,,,,,,,,
current,particle-4,1,行くぞ,Let's go.,Let's go!,Forceful announcement/exhortation.,,,,,,,,,
current,particle-5,1,待てよ,Wait a minute.,Wait!,"Command, not past tense.",,,,,,,,,
current,contraction-1,1,してんの？,Are you?,,Are you doing it? Fragment needs context.,,,,,,,,,
current,contraction-2,1,じゃねぇ,That's not true.,,Rough negative copula; incomplete predicate.,,,,,,,,,
current,contraction-3,1,なきゃ,I have to.,,Incomplete negative conditional/obligation; do not invent missing verb.,,,,,,,,,
current,contraction-4,1,ちゃった,"Oh, my God.",,Completion/regret suffix fragment; missing lexical verb.,,,,,,,,,
current,contraction-5,1,とく,"Oh, my God.",,Bare fragment ambiguous; distinguish from complete prep-action expression.,,,,,,,,,
current,contraction-6,1,先に窓、閉めとくね。,I'll close the window first.,I'll close the window first.,"Doing something in advance, future intention.",,,,,,,,,
current,slang-1,1,ウケる,That's funny.,That's hilarious.,"Casual amused response, not receive.",,,,,,,,,
current,slang-2,1,キモい,That's gross.,Gross.,"Disgust/creepy, not physical illness necessarily.",,,,,,,,,
current,slang-3,1,ダサい,That's disgusting.,That's lame.,Uncool/tacky.,,,,,,,,,
current,slang-4,1,めっちゃ,Wow.,,"Intensifier fragment, not a complete proposition.",,,,,,,,,
current,slang-5,1,マジで,I'm serious.,,Seriously/for real; interrogative intonation not specified.,,,,,,,,,
current,short-1,1,別に,Nothing.,,Not really/nothing in particular; depends on prior question.,,,,,,,,,
current,short-2,1,もう,Shit.,,Already/enough/exasperation; no unique reference.,,,,,,,,,
current,short-3,1,いい,Okay.,,Good/okay/no thanks depending on context.,,,,,,,,,
current,short-4,1,やだ,No.,"No, I don't want to.","Refusal/dislike, no invented object.",,,,,,,,,
current,short-5,1,無理,I can't.,No way.,Impossible/cannot do it.,,,,,,,,,
current,short-6,1,最悪,"Oh, my God.",This is the worst.,Negative evaluation.,,,,,,,,,
current,short-7,1,大丈夫,It's okay.,It's okay.,May mean reassurance/refusal; subject unknown.,,,,,,,,,
current,polite-1,1,ありがとうございます,Thank you.,Thank you very much.,"Politeness here is appropriate, not a flaw.",,,,,,,,,
current,polite-2,1,申し訳ありません,I'm sorry.,I'm very sorry.,Sincere formal apology.,,,,,,,,,
current,polite-3,1,どうなさいましたか,What's wrong?,Is something wrong?,"Respectful inquiry, context permits 'What happened?'",,,,,,,,,
current,tone-rough,1,てめぇ、勝手に俺の荷物触んな！,Don't touch my stuff!,Hey! Don't touch my stuff without asking!,Rough prohibition; preserve whose belongings.,,,,,,,,,
current,tone-teen,1,え、これめっちゃかわいくない？,Isn't this cute?,"Wait, isn't this super cute?",Casual positive rhetorical question.,,,,,,,,,
current,tone-arrogant,1,この俺に勝てると思ったのか？,You thought you could beat me?,You thought you could beat me?,"Arrogant challenge, opponent not speaker expected to lose.",,,,,,,,,
current,tone-timid,1,あの、もしよかったら、一緒に帰りませんか。,"Um, if you'd like, why don't you go home with me?","Um, if you'd like, could we walk home together?","Timid invitation, not command.",,,,,,,,,
current,negation-long,1,助けたくないんじゃない。今ここを離れたら、あの子まで危険になるんだ。,"I don't want to help. If I leave right now, I'll be in danger too.","It's not that I don't want to help. If I leave now, that kid will be in danger too.",Critical double negation and conditional; do not reverse motivation.,,,,,,,,,
current,direction,1,先生に叱られたのは僕じゃなくて、弟だよ。,"The teacher scolded me, not me, but my brother.","It was my little brother who got scolded by the teacher, not me.",Passive agent/patient and contrast must survive.,,,,,,,,,
current,ocr-damaged,1,もう帰っナの？,You're going home now?,,Synthetic OCR タ/ナ substitution for 帰った; report uncertainty rather than assert gold.,,,,,,,,,
current,visual-lines,1,"でも
大丈夫",But I'm fine.,But it's okay.,One bubble split across visual lines.,,,,,,,,,
current,context-left,1,もう帰った？,Have you gone home yet?,Has Ren already gone home?,"Context suggests absent Ren, not asking addressee if home yet.",,,,,,,,,
current,context-refusal,1,いい。,Okay.,No thanks.,Following context disambiguates refusal from acceptance.,,,,,,,,,
current,context-acceptance,1,いい。,Okay.,That's fine.,"Approval, unlike context-refusal with same current line.",,,,,,,,,
current,page-training,1,レン、まだ練習してるの？,"Len, are you still practicing?",,"Original synthetic eight-bubble scene. Compare names, terminology, concern, promise, reluctant concession. No gender supplied.",,,,,,,,,
current,page-training,2,うん。霊力がうまく使えなくて。,Yeah. My psychic powers weren't working well.,,"Original synthetic eight-bubble scene. Compare names, terminology, concern, promise, reluctant concession. No gender supplied.",,,,,,,,,
current,page-training,3,昨日よりは安定してるよ。,It's more stable than yesterday.,,"Original synthetic eight-bubble scene. Compare names, terminology, concern, promise, reluctant concession. No gender supplied.",,,,,,,,,
current,page-training,4,そう？じゃあ、もう一回だけ。,I don't know. Just one more time.,,"Original synthetic eight-bubble scene. Compare names, terminology, concern, promise, reluctant concession. No gender supplied.",,,,,,,,,
current,page-training,5,待って。手、震えてる。,Wait. Hands are shaking.,,"Original synthetic eight-bubble scene. Compare names, terminology, concern, promise, reluctant concession. No gender supplied.",,,,,,,,,
current,page-training,6,大丈夫。無理はしないから。,It's okay. I don't have to do it.,,"Original synthetic eight-bubble scene. Compare names, terminology, concern, promise, reluctant concession. No gender supplied.",,,,,,,,,
current,page-training,7,さっきもそう言ったじゃん。,That's what you said earlier.,,"Original synthetic eight-bubble scene. Compare names, terminology, concern, promise, reluctant concession. No gender supplied.",,,,,,,,,
current,page-training,8,……分かった。今日はやめとく。,Okay. I'll stop today.,,"Original synthetic eight-bubble scene. Compare names, terminology, concern, promise, reluctant concession. No gender supplied.",,,,,,,,,
fugumt,casual-1,1,何してんだよ,what are you doing?,What are you doing?,Rough surprise/reproach; do not invent an action.,,,,,,,,,
fugumt,casual-2,1,知らねーよ,i don't know.,How should I know?,Preserve negation and dismissiveness.,,,,,,,,,
fugumt,casual-3,1,マジかよ,seriously?,Seriously?,"Surprise, not a factual assertion.",,,,,,,,,
fugumt,casual-4,1,やべぇ,"oh, my god.",,Ambiguous: trouble or impressed slang; avoid inventing context.,,,,,,,,,
fugumt,casual-5,1,ふざけんな,sly,Don't mess with me!,Negative command; intensity may vary.,,,,,,,,,
fugumt,subject-1,1,もう行った？,you already gone?,,Already went/left? Subject unspecified.,,,,,,,,,
fugumt,subject-2,1,知らなかった。,I didn't know.,I didn't know.,"Past negative, not present refusal.",,,,,,,,,
fugumt,subject-3,1,やったの？,did you do it?,,Did you/they do it? Do not assume sexual meaning.,,,,,,,,,
fugumt,particle-1,1,そうだよな,"yeah, you're right.","Yeah, you're right.",Agreement/seeking agreement.,,,,,,,,,
fugumt,particle-2,1,そうなのか,is that so?,Is that so?,Realization or inquiry; not agreement with invented detail.,,,,,,,,,
fugumt,particle-3,1,何してるんだ？,what are you doing here?,What are you doing?,Question with explanatory/reproachful tone.,,,,,,,,,
fugumt,particle-4,1,行くぞ,let's go.,Let's go!,Forceful announcement/exhortation.,,,,,,,,,
fugumt,particle-5,1,待てよ,wait!,Wait!,"Command, not past tense.",,,,,,,,,
fugumt,contraction-1,1,してんの？,are you doing it?,,Are you doing it? Fragment needs context.,,,,,,,,,
fugumt,contraction-2,1,じゃねぇ,"no, no.",,Rough negative copula; incomplete predicate.,,,,,,,,,
fugumt,contraction-3,1,なきゃ,i have to.,,Incomplete negative conditional/obligation; do not invent missing verb.,,,,,,,,,
fugumt,contraction-4,1,ちゃった,"oh, my god.",,Completion/regret suffix fragment; missing lexical verb.,,,,,,,,,
fugumt,contraction-5,1,とく,snatch,,Bare fragment ambiguous; distinguish from complete prep-action expression.,,,,,,,,,
fugumt,contraction-6,1,先に窓、閉めとくね。,I'll close the window first.,I'll close the window first.,"Doing something in advance, future intention.",,,,,,,,,
fugumt,slang-1,1,ウケる,get a kick,That's hilarious.,"Casual amused response, not receive.",,,,,,,,,
fugumt,slang-2,1,キモい,slick,Gross.,"Disgust/creepy, not physical illness necessarily.",,,,,,,,,
fugumt,slang-3,1,ダサい,sloppy,That's lame.,Uncool/tacky.,,,,,,,,,
fugumt,slang-4,1,めっちゃ,jerk.,,"Intensifier fragment, not a complete proposition.",,,,,,,,,
fugumt,slang-5,1,マジで,seriously.,,Seriously/for real; interrogative intonation not specified.,,,,,,,,,
fugumt,short-1,1,別に,no.,,Not really/nothing in particular; depends on prior question.,,,,,,,,,
fugumt,short-2,1,もう,already,,Already/enough/exasperation; no unique reference.,,,,,,,,,
fugumt,short-3,1,いい,good.,,Good/okay/no thanks depending on context.,,,,,,,,,
fugumt,short-4,1,やだ,no.,"No, I don't want to.","Refusal/dislike, no invented object.",,,,,,,,,
fugumt,short-5,1,無理,impossible.,No way.,Impossible/cannot do it.,,,,,,,,,
fugumt,short-6,1,最悪,worst,This is the worst.,Negative evaluation.,,,,,,,,,
fugumt,short-7,1,大丈夫,okay.,It's okay.,May mean reassurance/refusal; subject unknown.,,,,,,,,,
fugumt,polite-1,1,ありがとうございます,Thank you.,Thank you very much.,"Politeness here is appropriate, not a flaw.",,,,,,,,,
fugumt,polite-2,1,申し訳ありません,i'm sorry.,I'm very sorry.,Sincere formal apology.,,,,,,,,,
fugumt,polite-3,1,どうなさいましたか,what do you want?,Is something wrong?,"Respectful inquiry, context permits 'What happened?'",,,,,,,,,
fugumt,tone-rough,1,てめぇ、勝手に俺の荷物触んな！,you touch my luggage!,Hey! Don't touch my stuff without asking!,Rough prohibition; preserve whose belongings.,,,,,,,,,
fugumt,tone-teen,1,え、これめっちゃかわいくない？,What? Isn't this really cute?,"Wait, isn't this super cute?",Casual positive rhetorical question.,,,,,,,,,
fugumt,tone-arrogant,1,この俺に勝てると思ったのか？,you think you could beat me?,You thought you could beat me?,"Arrogant challenge, opponent not speaker expected to lose.",,,,,,,,,
fugumt,tone-timid,1,あの、もしよかったら、一緒に帰りませんか。,"If you like, why don't you come home with me?","Um, if you'd like, could we walk home together?","Timid invitation, not command.",,,,,,,,,
fugumt,negation-long,1,助けたくないんじゃない。今ここを離れたら、あの子まで危険になるんだ。,"Don't want to help me. If you leave now, you'll be in danger to her.","It's not that I don't want to help. If I leave now, that kid will be in danger too.",Critical double negation and conditional; do not reverse motivation.,,,,,,,,,
fugumt,direction,1,先生に叱られたのは僕じゃなくて、弟だよ。,"It was not me who was scolded by the teacher, but my brother.","It was my little brother who got scolded by the teacher, not me.",Passive agent/patient and contrast must survive.,,,,,,,,,
fugumt,ocr-damaged,1,もう帰っナの？,are you home already?,,Synthetic OCR タ/ナ substitution for 帰った; report uncertainty rather than assert gold.,,,,,,,,,
fugumt,visual-lines,1,"でも
大丈夫",but it's okay.,But it's okay.,One bubble split across visual lines.,,,,,,,,,
fugumt,context-left,1,もう帰った？,are you home?,Has Ren already gone home?,"Context suggests absent Ren, not asking addressee if home yet.",,,,,,,,,
fugumt,context-refusal,1,いい。,okay.,No thanks.,Following context disambiguates refusal from acceptance.,,,,,,,,,
fugumt,context-acceptance,1,いい。,okay.,That's fine.,"Approval, unlike context-refusal with same current line.",,,,,,,,,
fugumt,page-training,1,レン、まだ練習してるの？,"Ren, are you still practicing?",,"Original synthetic eight-bubble scene. Compare names, terminology, concern, promise, reluctant concession. No gender supplied.",,,,,,,,,
fugumt,page-training,2,うん。霊力がうまく使えなくて。,Yes. I can't use spiritual power well.,,"Original synthetic eight-bubble scene. Compare names, terminology, concern, promise, reluctant concession. No gender supplied.",,,,,,,,,
fugumt,page-training,3,昨日よりは安定してるよ。,It's more stable than yesterday.,,"Original synthetic eight-bubble scene. Compare names, terminology, concern, promise, reluctant concession. No gender supplied.",,,,,,,,,
fugumt,page-training,4,そう？じゃあ、もう一回だけ。,"OK? Well, just one more time.",,"Original synthetic eight-bubble scene. Compare names, terminology, concern, promise, reluctant concession. No gender supplied.",,,,,,,,,
fugumt,page-training,5,待って。手、震えてる。,Wait. Your hands are shaking.,,"Original synthetic eight-bubble scene. Compare names, terminology, concern, promise, reluctant concession. No gender supplied.",,,,,,,,,
fugumt,page-training,6,大丈夫。無理はしないから。,It's okay. I won't force you.,,"Original synthetic eight-bubble scene. Compare names, terminology, concern, promise, reluctant concession. No gender supplied.",,,,,,,,,
fugumt,page-training,7,さっきもそう言ったじゃん。,i told you that.,,"Original synthetic eight-bubble scene. Compare names, terminology, concern, promise, reluctant concession. No gender supplied.",,,,,,,,,
fugumt,page-training,8,……分かった。今日はやめとく。,... OK. I'll stop today.,,"Original synthetic eight-bubble scene. Compare names, terminology, concern, promise, reluctant concession. No gender supplied.",,,,,,,,,
nllb-600m,casual-1,1,何してんだよ,What are you doing?,What are you doing?,Rough surprise/reproach; do not invent an action.,,,,,,,,,
nllb-600m,casual-2,1,知らねーよ,You know what I mean.,How should I know?,Preserve negation and dismissiveness.,,,,,,,,,
nllb-600m,casual-3,1,マジかよ,I really do.,Seriously?,"Surprise, not a factual assertion.",,,,,,,,,
nllb-600m,casual-4,1,やべぇ,I can't.,,Ambiguous: trouble or impressed slang; avoid inventing context.,,,,,,,,,
nllb-600m,casual-5,1,ふざけんな,Shut the fuck up.,Don't mess with me!,Negative command; intensity may vary.,,,,,,,,,
nllb-600m,subject-1,1,もう行った？,Have you been?,,Already went/left? Subject unspecified.,,,,,,,,,
nllb-600m,subject-2,1,知らなかった。,I didn't know.,I didn't know.,"Past negative, not present refusal.",,,,,,,,,
nllb-600m,subject-3,1,やったの？,Did you?,,Did you/they do it? Do not assume sexual meaning.,,,,,,,,,
nllb-600m,particle-1,1,そうだよな,That's right.,"Yeah, you're right.",Agreement/seeking agreement.,,,,,,,,,
nllb-600m,particle-2,1,そうなのか,Is that right?,Is that so?,Realization or inquiry; not agreement with invented detail.,,,,,,,,,
nllb-600m,particle-3,1,何してるんだ？,What the hell are you doing?,What are you doing?,Question with explanatory/reproachful tone.,,,,,,,,,
nllb-600m,particle-4,1,行くぞ,I'm going to go.,Let's go!,Forceful announcement/exhortation.,,,,,,,,,
nllb-600m,particle-5,1,待てよ,"Wait, wait, wait, wait, wait, wait, wait, wait, wait, wait, wait, wait, wait, wait, wait, wait, wait, wait, wait.",Wait!,"Command, not past tense.",,,,,,,,,
nllb-600m,contraction-1,1,してんの？,What are you doing?,,Are you doing it? Fragment needs context.,,,,,,,,,
nllb-600m,contraction-2,1,じゃねぇ,"Oh, my God.",,Rough negative copula; incomplete predicate.,,,,,,,,,
nllb-600m,contraction-3,1,なきゃ,"Oh, my God.",,Incomplete negative conditional/obligation; do not invent missing verb.,,,,,,,,,
nllb-600m,contraction-4,1,ちゃった,It's all right.,,Completion/regret suffix fragment; missing lexical verb.,,,,,,,,,
nllb-600m,contraction-5,1,とく,I'm not sure.,,Bare fragment ambiguous; distinguish from complete prep-action expression.,,,,,,,,,
nllb-600m,contraction-6,1,先に窓、閉めとくね。,I'll close the window first.,I'll close the window first.,"Doing something in advance, future intention.",,,,,,,,,
nllb-600m,slang-1,1,ウケる,It's crazy.,That's hilarious.,"Casual amused response, not receive.",,,,,,,,,
nllb-600m,slang-2,1,キモい,That's cute.,Gross.,"Disgust/creepy, not physical illness necessarily.",,,,,,,,,
nllb-600m,slang-3,1,ダサい,It sucks.,That's lame.,Uncool/tacky.,,,,,,,,,
nllb-600m,slang-4,1,めっちゃ,"Oh, my God.",,"Intensifier fragment, not a complete proposition.",,,,,,,,,
nllb-600m,slang-5,1,マジで,I really do.,,Seriously/for real; interrogative intonation not specified.,,,,,,,,,
nllb-600m,short-1,1,別に,"No, not at all.",,Not really/nothing in particular; depends on prior question.,,,,,,,,,
nllb-600m,short-2,1,もう,It's over now.,,Already/enough/exasperation; no unique reference.,,,,,,,,,
nllb-600m,short-3,1,いい,That's all right.,,Good/okay/no thanks depending on context.,,,,,,,,,
nllb-600m,short-4,1,やだ,Let's go.,"No, I don't want to.","Refusal/dislike, no invented object.",,,,,,,,,
nllb-600m,short-5,1,無理,I can't.,No way.,Impossible/cannot do it.,,,,,,,,,
nllb-600m,short-6,1,最悪,The worst.,This is the worst.,Negative evaluation.,,,,,,,,,
nllb-600m,short-7,1,大丈夫,It's all right.,It's okay.,May mean reassurance/refusal; subject unknown.,,,,,,,,,
nllb-600m,polite-1,1,ありがとうございます,Thank you very much.,Thank you very much.,"Politeness here is appropriate, not a flaw.",,,,,,,,,
nllb-600m,polite-2,1,申し訳ありません,I'm sorry about that.,I'm very sorry.,Sincere formal apology.,,,,,,,,,
nllb-600m,polite-3,1,どうなさいましたか,How'd you do?,Is something wrong?,"Respectful inquiry, context permits 'What happened?'",,,,,,,,,
nllb-600m,tone-rough,1,てめぇ、勝手に俺の荷物触んな！,Don't touch my luggage on your own!,Hey! Don't touch my stuff without asking!,Rough prohibition; preserve whose belongings.,,,,,,,,,
nllb-600m,tone-teen,1,え、これめっちゃかわいくない？,"Oh, isn't that cute?","Wait, isn't this super cute?",Casual positive rhetorical question.,,,,,,,,,
nllb-600m,tone-arrogant,1,この俺に勝てると思ったのか？,Did you think he'd beat me?,You thought you could beat me?,"Arrogant challenge, opponent not speaker expected to lose.",,,,,,,,,
nllb-600m,tone-timid,1,あの、もしよかったら、一緒に帰りませんか。,"If I could, why don't you come home with me?","Um, if you'd like, could we walk home together?","Timid invitation, not command.",,,,,,,,,
nllb-600m,negation-long,1,助けたくないんじゃない。今ここを離れたら、あの子まで危険になるんだ。,I don't want to help you.,"It's not that I don't want to help. If I leave now, that kid will be in danger too.",Critical double negation and conditional; do not reverse motivation.,,,,,,,,,
nllb-600m,direction,1,先生に叱られたのは僕じゃなくて、弟だよ。,"It wasn't me that the teacher rebuked, it was my brother.","It was my little brother who got scolded by the teacher, not me.",Passive agent/patient and contrast must survive.,,,,,,,,,
nllb-600m,ocr-damaged,1,もう帰っナの？,Are you home yet?,,Synthetic OCR タ/ナ substitution for 帰った; report uncertainty rather than assert gold.,,,,,,,,,
nllb-600m,visual-lines,1,"でも
大丈夫",But it's all right.,But it's okay.,One bubble split across visual lines.,,,,,,,,,
nllb-600m,context-left,1,もう帰った？,Are you home yet?,Has Ren already gone home?,"Context suggests absent Ren, not asking addressee if home yet.",,,,,,,,,
nllb-600m,context-refusal,1,いい。,"Oh, yeah.",No thanks.,Following context disambiguates refusal from acceptance.,,,,,,,,,
nllb-600m,context-acceptance,1,いい。,"Oh, yeah.",That's fine.,"Approval, unlike context-refusal with same current line.",,,,,,,,,
nllb-600m,page-training,1,レン、まだ練習してるの？,"Ren, are you still practicing?",,"Original synthetic eight-bubble scene. Compare names, terminology, concern, promise, reluctant concession. No gender supplied.",,,,,,,,,
nllb-600m,page-training,2,うん。霊力がうまく使えなくて。,"Yeah, I can't use my powers properly.",,"Original synthetic eight-bubble scene. Compare names, terminology, concern, promise, reluctant concession. No gender supplied.",,,,,,,,,
nllb-600m,page-training,3,昨日よりは安定してるよ。,It's more stable than it was yesterday.,,"Original synthetic eight-bubble scene. Compare names, terminology, concern, promise, reluctant concession. No gender supplied.",,,,,,,,,
nllb-600m,page-training,4,そう？じゃあ、もう一回だけ。,"All right, then, just one more time.",,"Original synthetic eight-bubble scene. Compare names, terminology, concern, promise, reluctant concession. No gender supplied.",,,,,,,,,
nllb-600m,page-training,5,待って。手、震えてる。,Wait. My hands are shaking.,,"Original synthetic eight-bubble scene. Compare names, terminology, concern, promise, reluctant concession. No gender supplied.",,,,,,,,,
nllb-600m,page-training,6,大丈夫。無理はしないから。,It's all right. I can't.,,"Original synthetic eight-bubble scene. Compare names, terminology, concern, promise, reluctant concession. No gender supplied.",,,,,,,,,
nllb-600m,page-training,7,さっきもそう言ったじゃん。,That's what I said.,,"Original synthetic eight-bubble scene. Compare names, terminology, concern, promise, reluctant concession. No gender supplied.",,,,,,,,,
nllb-600m,page-training,8,……分かった。今日はやめとく。,I got it. I'm going to stop today.,,"Original synthetic eight-bubble scene. Compare names, terminology, concern, promise, reluctant concession. No gender supplied.",,,,,,,,,
hy-mt2-manga,casual-1,1,何してんだよ,What are you doing?,What are you doing?,Rough surprise/reproach; do not invent an action.,,,,,,,,,
hy-mt2-manga,casual-2,1,知らねーよ,I don't know.,How should I know?,Preserve negation and dismissiveness.,,,,,,,,,
hy-mt2-manga,casual-3,1,マジかよ,Seriously?,Seriously?,"Surprise, not a factual assertion.",,,,,,,,,
hy-mt2-manga,casual-4,1,やべぇ,Oh crap.,,Ambiguous: trouble or impressed slang; avoid inventing context.,,,,,,,,,
hy-mt2-manga,casual-5,1,ふざけんな,Don't screw around.,Don't mess with me!,Negative command; intensity may vary.,,,,,,,,,
hy-mt2-manga,subject-1,1,もう行った？,Already gone?,,Already went/left? Subject unspecified.,,,,,,,,,
hy-mt2-manga,subject-2,1,知らなかった。,I didn't know.,I didn't know.,"Past negative, not present refusal.",,,,,,,,,
hy-mt2-manga,subject-3,1,やったの？,Did you get it?,,Did you/they do it? Do not assume sexual meaning.,,,,,,,,,
hy-mt2-manga,particle-1,1,そうだよな,"Yeah, that's right.","Yeah, you're right.",Agreement/seeking agreement.,,,,,,,,,
hy-mt2-manga,particle-2,1,そうなのか,I see.,Is that so?,Realization or inquiry; not agreement with invented detail.,,,,,,,,,
hy-mt2-manga,particle-3,1,何してるんだ？,What are you doing?,What are you doing?,Question with explanatory/reproachful tone.,,,,,,,,,
hy-mt2-manga,particle-4,1,行くぞ,Let's go.,Let's go!,Forceful announcement/exhortation.,,,,,,,,,
hy-mt2-manga,particle-5,1,待てよ,Wait up.,Wait!,"Command, not past tense.",,,,,,,,,
hy-mt2-manga,contraction-1,1,してんの？,...are you doing?,,Are you doing it? Fragment needs context.,,,,,,,,,
hy-mt2-manga,contraction-2,1,じゃねぇ,See ya.,,Rough negative copula; incomplete predicate.,,,,,,,,,
hy-mt2-manga,contraction-3,1,なきゃ,I have to...,,Incomplete negative conditional/obligation; do not invent missing verb.,,,,,,,,,
hy-mt2-manga,contraction-4,1,ちゃった,I did it.,,Completion/regret suffix fragment; missing lexical verb.,,,,,,,,,
hy-mt2-manga,contraction-5,1,とく,Hah♡,,Bare fragment ambiguous; distinguish from complete prep-action expression.,,,,,,,,,
hy-mt2-manga,contraction-6,1,先に窓、閉めとくね。,I'll close the window first.,I'll close the window first.,"Doing something in advance, future intention.",,,,,,,,,
hy-mt2-manga,slang-1,1,ウケる,That's hilarious.,That's hilarious.,"Casual amused response, not receive.",,,,,,,,,
hy-mt2-manga,slang-2,1,キモい,Gross.,Gross.,"Disgust/creepy, not physical illness necessarily.",,,,,,,,,
hy-mt2-manga,slang-3,1,ダサい,So tacky.,That's lame.,Uncool/tacky.,,,,,,,,,
hy-mt2-manga,slang-4,1,めっちゃ,"Damn, that's insane.",,"Intensifier fragment, not a complete proposition.",,,,,,,,,
hy-mt2-manga,slang-5,1,マジで,Seriously.,,Seriously/for real; interrogative intonation not specified.,,,,,,,,,
hy-mt2-manga,short-1,1,別に,It's nothing.,,Not really/nothing in particular; depends on prior question.,,,,,,,,,
hy-mt2-manga,short-2,1,もう,Geez.,,Already/enough/exasperation; no unique reference.,,,,,,,,,
hy-mt2-manga,short-3,1,いい,Good.,,Good/okay/no thanks depending on context.,,,,,,,,,
hy-mt2-manga,short-4,1,やだ,No way.,"No, I don't want to.","Refusal/dislike, no invented object.",,,,,,,,,
hy-mt2-manga,short-5,1,無理,No way.,No way.,Impossible/cannot do it.,,,,,,,,,
hy-mt2-manga,short-6,1,最悪,The worst.,This is the worst.,Negative evaluation.,,,,,,,,,
hy-mt2-manga,short-7,1,大丈夫,It's fine.,It's okay.,May mean reassurance/refusal; subject unknown.,,,,,,,,,
hy-mt2-manga,polite-1,1,ありがとうございます,Thank you very much.,Thank you very much.,"Politeness here is appropriate, not a flaw.",,,,,,,,,
hy-mt2-manga,polite-2,1,申し訳ありません,I'm very sorry.,I'm very sorry.,Sincere formal apology.,,,,,,,,,
hy-mt2-manga,polite-3,1,どうなさいましたか,What's wrong?,Is something wrong?,"Respectful inquiry, context permits 'What happened?'",,,,,,,,,
hy-mt2-manga,tone-rough,1,てめぇ、勝手に俺の荷物触んな！,"Hey, don't touch my stuff without asking!",Hey! Don't touch my stuff without asking!,Rough prohibition; preserve whose belongings.,,,,,,,,,
hy-mt2-manga,tone-teen,1,え、これめっちゃかわいくない？,"Eh, isn't this super cute?","Wait, isn't this super cute?",Casual positive rhetorical question.,,,,,,,,,
hy-mt2-manga,tone-arrogant,1,この俺に勝てると思ったのか？,You think you could beat me?,You thought you could beat me?,"Arrogant challenge, opponent not speaker expected to lose.",,,,,,,,,
hy-mt2-manga,tone-timid,1,あの、もしよかったら、一緒に帰りませんか。,"Um, if it's okay with you, why don't you come home with me?","Um, if you'd like, could we walk home together?","Timid invitation, not command.",,,,,,,,,
hy-mt2-manga,negation-long,1,助けたくないんじゃない。今ここを離れたら、あの子まで危険になるんだ。,"You don't want to save him. If we leave right now, that kid will be in danger too.","It's not that I don't want to help. If I leave now, that kid will be in danger too.",Critical double negation and conditional; do not reverse motivation.,,,,,,,,,
hy-mt2-manga,direction,1,先生に叱られたのは僕じゃなくて、弟だよ。,"It wasn't me who got scolded by the teacher, it was my little brother.","It was my little brother who got scolded by the teacher, not me.",Passive agent/patient and contrast must survive.,,,,,,,,,
hy-mt2-manga,ocr-damaged,1,もう帰っナの？,Already home?,,Synthetic OCR タ/ナ substitution for 帰った; report uncertainty rather than assert gold.,,,,,,,,,
hy-mt2-manga,visual-lines,1,"でも
大丈夫",But it's okay.,But it's okay.,One bubble split across visual lines.,,,,,,,,,
hy-mt2-manga,context-left,1,もう帰った？,Already gone home?,Has Ren already gone home?,"Context suggests absent Ren, not asking addressee if home yet.",,,,,,,,,
hy-mt2-manga,context-refusal,1,いい。,Good.,No thanks.,Following context disambiguates refusal from acceptance.,,,,,,,,,
hy-mt2-manga,context-acceptance,1,いい。,Good.,That's fine.,"Approval, unlike context-refusal with same current line.",,,,,,,,,
hy-mt2-manga,page-training,1,レン、まだ練習してるの？,"Ren, are you still practicing?",,"Original synthetic eight-bubble scene. Compare names, terminology, concern, promise, reluctant concession. No gender supplied.",,,,,,,,,
hy-mt2-manga,page-training,2,うん。霊力がうまく使えなくて。,Yeah. I can't use my spiritual power well.,,"Original synthetic eight-bubble scene. Compare names, terminology, concern, promise, reluctant concession. No gender supplied.",,,,,,,,,
hy-mt2-manga,page-training,3,昨日よりは安定してるよ。,It's more stable than yesterday.,,"Original synthetic eight-bubble scene. Compare names, terminology, concern, promise, reluctant concession. No gender supplied.",,,,,,,,,
hy-mt2-manga,page-training,4,そう？じゃあ、もう一回だけ。,"Really? Then, just one more time.",,"Original synthetic eight-bubble scene. Compare names, terminology, concern, promise, reluctant concession. No gender supplied.",,,,,,,,,
hy-mt2-manga,page-training,5,待って。手、震えてる。,Wait. My hand's shaking.,,"Original synthetic eight-bubble scene. Compare names, terminology, concern, promise, reluctant concession. No gender supplied.",,,,,,,,,
hy-mt2-manga,page-training,6,大丈夫。無理はしないから。,It's okay. I won't push you too hard.,,"Original synthetic eight-bubble scene. Compare names, terminology, concern, promise, reluctant concession. No gender supplied.",,,,,,,,,
hy-mt2-manga,page-training,7,さっきもそう言ったじゃん。,You said so yourself just now.,,"Original synthetic eight-bubble scene. Compare names, terminology, concern, promise, reluctant concession. No gender supplied.",,,,,,,,,
hy-mt2-manga,page-training,8,……分かった。今日はやめとく。,...Got it. I'll call it off for today.,,"Original synthetic eight-bubble scene. Compare names, terminology, concern, promise, reluctant concession. No gender supplied.",,,,,,,,,
